-,ACACIA_BARN,ACACIA_LOG,4,-,-,-,-,-,-,-,-,1,
-,ACACIA_BOAT,ACACIA_PLANKS,5,-,-,-,-,-,-,-,-,1,
-,ACACIA_BUTTON,ACACIA_PLANKS,1,-,-,-,-,-,-,-,-,1,
-,ACACIA_DOOR,ACACIA_PLANKS,6,-,-,-,-,-,-,-,-,1,
-,ACACIA_FENCE,ACACIA_PLANKS,4,STICK,2,-,-,-,-,-,-,1,
-,ACACIA_FENCE_GATE,ACACIA_PLANKS,2,STICK,4,-,-,-,-,-,-,1,
H,ACACIA_LEAVES,-,-,-,-,-,-,-,-,-,-,1,
R,ACACIA_LOG,-,-,-,-,-,-,-,-,3,-,1,
-,ACACIA_PLANKS,ACACIA_LOG,1,-,-,-,-,-,-,9,4,1,
-,ACACIA_PRESSURE_PLATE,ACACIA_PLANKS,2,-,-,-,-,-,-,-,-,1,
R,ACACIA_SAPLING,-,-,-,-,-,-,-,-,-,-,1,
-,ACACIA_SLAB,ACACIA_PLANKS,3,-,-,-,-,-,-,-,-,1,
-,ACACIA_STAIRS,ACACIA_PLANKS,6,-,-,-,-,-,-,-,-,1,
-,ACACIA_TRAPDOOR,ACACIA_PLANKS,6,-,-,-,-,-,-,-,-,1,
-,ACTIVATOR_RAIL,IRON_INGOT,6,STICK,2,REDSTONE_TORCH,1,-,-,-,-,1,
R,ALLIUM,-,-,-,-,-,-,-,-,-,-,1,
R,ANDESITE,-,-,-,-,-,-,-,-,1,-,1,
-,ANVIL,IRON_INGOT,31,-,-,-,-,-,-,-,-,1,
R,APPLE,-,-,-,-,-,-,-,-,1,-,1,
-,ARMOR_STAND,STICK,6,STONE_SLAB,1,-,-,-,-,-,-,1,
M,ARROW,-,-,-,-,-,-,-,-,2,-,1,
R,AZURE_BLUET,-,-,-,-,-,-,-,-,1,-,1,
F,BAKED_POTATO,POTATO,1,-,-,-,-,-,-,1,1,1,
-,BEACON,GLASS,5,OBSIDIAN,3,NETHER_STAR,1,-,-,-,-,1,
M,BEEF,-,-,-,-,-,-,-,-,1,-,1,
R,BEETROOT,-,-,-,-,-,-,-,-,1,-,1,
R,BEETROOT_SEEDS,-,-,-,-,-,-,-,-,-,-,1,
-,BEETROOT_SOUP,BEETROOT,6,BOWL,1,-,-,-,-,-,-,1,
R,BIRCH_BARK,BIRCH_LOG,4,-,-,-,-,-,-,-,-,1,
-,BIRCH_BOAT,BIRCH_PLANKS,5,-,-,-,-,-,-,-,-,1,
-,BIRCH_BUTTON,BIRCH_PLANKS,1,-,-,-,-,-,-,-,-,1,
-,BIRCH_DOOR,BIRCH_PLANKS,6,-,-,-,-,-,-,-,-,1,
-,BIRCH_FENCE,BIRCH_PLANKS,4,STICK,2,-,-,-,-,-,-,1,
-,BIRCH_FENCE_GATE,BIRCH_PLANKS,2,STICK,4,-,-,-,-,-,-,1,
H,BIRCH_LEAVES,-,-,-,-,-,-,-,-,-,-,1,
R,BIRCH_LOG,-,-,-,-,-,-,-,-,3,-,1,
-,BIRCH_PLANKS,BIRCH_LOG,1,-,-,-,-,-,-,9,4,1,
-,BIRCH_PRESSURE_PLATE,BIRCH_PLANKS,2,-,-,-,-,-,-,-,-,1,
R,BIRCH_SAPLING,-,-,-,-,-,-,-,-,-,-,1,
-,BIRCH_SLAB,BIRCH_PLANKS,3,-,-,-,-,-,-,-,-,1,
-,BIRCH_STAIRS,BIRCH_PLANKS,6,-,-,-,-,-,-,-,-,1,
-,BIRCH_TRAPDOOR,BIRCH_PLANKS,6,-,-,-,-,-,-,-,-,1,
-,BLACK_BANNER,BLACK_WOOL,6,STICK,1,-,-,-,-,-,-,1,
-,BLACK_BED,BLACK_WOOL,3,OAK_PLANKS,3,-,-,-,-,-,-,1,
-,BLACK_CARPET,BLACK_WOOL,2,-,-,-,-,-,-,-,-,1,
-,BLACK_CONCRETE,BLACK_CONCRETE_POWDER,1,-,-,-,-,-,-,-,-,1,
-,BLACK_CONCRETE_POWDER,GRAVEL,4,SAND,4,INK_SAC,1,-,-,1,8,1,
F,BLACK_GLAZED_TERRACOTTA,BLACK_TERRACOTTA,1,-,-,-,-,-,-,-,-,1,
-,BLACK_SHULKER_BOX,SHULKER_BOX,1,INK_SAC,1,-,-,-,-,-,-,1,
-,BLACK_STAINED_GLASS,GLASS,8,INK_SAC,1,-,-,-,-,1,8,1,
-,BLACK_STAINED_GLASS_PANE,BLACK_STAINED_GLASS,6,-,-,-,-,-,-,-,-,1,
-,BLACK_TERRACOTTA,TERRACOTTA,8,INK_SAC,1,-,-,-,-,1,8,1,
H,BLACK_WOOL,-,-,-,-,-,-,-,-,3,-,1,
-,BLAZE_POWDER,BLAZE_ROD,1,-,-,-,-,-,-,2,2,1,
N,BLAZE_ROD,-,-,-,-,-,-,-,-,3,-,1,
-,BLUE_BANNER,BLUE_WOOL,6,STICK,1,-,-,-,-,-,-,1,
-,BLUE_BED,BLUE_WOOL,3,OAK_PLANKS,1,-,-,-,-,-,-,1,
-,BLUE_CARPET,BLUE_WOOL,2,-,-,-,-,-,-,-,-,1,
-,BLUE_CONCRETE,BLUE_CONCRETE_POWDER,1,-,-,-,-,-,-,-,-,1,
-,BLUE_CONCRETE_POWDER,GRAVEL,4,SAND,4,LAPIS_LAZULI,1,-,-,1,-,1,
F,BLUE_GLAZED_TERRACOTTA,BLUE_TERRACOTTA,1,-,-,-,-,-,-,-,-,1,
-,BLUE_ICE,PACKED_ICE,9,-,-,-,-,-,-,-,-,1,
R,BLUE_ORCHID,-,-,-,-,-,-,-,-,-,-,1,
-,BLUE_SHULKER_BOX,SHULKER_BOX,1,LAPIS_LAZULI,1,-,-,-,-,-,-,1,
-,BLUE_STAINED_GLASS,GLASS,8,LAPIS_LAZULI,1,-,-,-,-,1,8,1,
-,BLUE_STAINED_GLASS_PANE,BLUE_STAINED_GLASS,6,-,-,-,-,-,-,-,-,1,
-,BLUE_TERRACOTTA,TERRACOTTA,8,LAPIS_LAZULI,1,-,-,-,-,1,8,1,
H,BLUE_WOOL,-,-,-,-,-,-,-,-,3,-,1,
M,BONE,-,-,-,-,-,-,-,-,2,-,1,
-,BONE_BLOCK,BONE,9,-,-,-,-,-,-,-,-,1,
-,BONE_MEAL,BONE,1,-,-,-,-,-,-,8,3,1,
-,BOOK,PAPER,3,LEATHER,1,-,-,-,-,3,1,1,
-,BOOKSHELF,BOOK,3,OAK_PLANKS,6,-,-,-,-,-,-,1,
-,BOW,STICK,3,STRING,3,-,-,-,-,1,1,1,
-,BOWL,OAK_PLANKS,3,-,-,-,-,-,-,2,4,1,
O,BRAIN_CORAL,-,-,-,-,-,-,-,-,-,-,1,
OS,BRAIN_CORAL_BLOCK,-,-,-,-,-,-,-,-,-,-,1,
O,BRAIN_CORAL_FAN,-,-,-,-,-,-,-,-,-,-,1,
-,BREAD,WHEAT,3,-,-,-,-,-,-,-,-,1,
-,BREWING_STAND,COBBLESTONE,3,BLAZE_ROD,1,-,-,-,-,-,-,1,
F,BRICK,CLAY_BALL,1,-,-,-,-,-,-,2,1,1,
-,BRICK_SLAB,BRICKS,3,-,-,-,-,-,-,-,-,1,
-,BRICK_STAIRS,BRICKS,6,-,-,-,-,-,-,-,-,1,
-,BRICKS,BRICK,4,-,-,-,-,-,-,2,1,1,
-,BROWN_BANNER,BROWN_WOOL,6,STICK,1,-,-,-,-,-,-,1,
-,BROWN_BED,BROWN_WOOL,3,OAK_PLANKS,3,-,-,-,-,-,-,1,
-,BROWN_CARPET,BROWN_WOOL,2,-,-,-,-,-,-,-,-,1,
-,BROWN_CONCRETE,BROWN_CONCRETE_POWDER,1,-,-,-,-,-,-,-,-,1,
-,BROWN_CONCRETE_POWDER,GRAVEL,4,SAND,4,COCOA_BEANS,1,-,-,1,8,1,
F,BROWN_GLAZED_TERRACOTTA,BROWN_TERRACOTTA,1,-,-,-,-,-,-,-,-,1,
R,BROWN_MUSHROOM,-,-,-,-,-,-,-,-,3,-,1,
S,BROWN_MUSHROOM_BLOCK,-,-,-,-,-,-,-,-,-,-,1,
-,BROWN_SHULKER_BOX,SHULKER_BOX,1,COCOA_BEANS,1,-,-,-,-,-,-,1,
-,BROWN_STAINED_GLASS,GLASS,8,COCOA_BEANS,1,-,-,-,-,1,8,1,
-,BROWN_STAINED_GLASS_PANE,BROWN_STAINED_GLASS,6,-,-,-,-,-,-,-,-,1,
-,BROWN_TERRACOTTA,TERRACOTTA,8,COCOA_BEANS,1,-,-,-,-,1,8,1,
H,BROWN_WOOL,-,-,-,-,-,-,-,-,3,-,1,
O,BUBBLE_CORAL,-,-,-,-,-,-,-,-,-,-,1,
OS,BUBBLE_CORAL_BLOCK,-,-,-,-,-,-,-,-,-,-,1,
O,BUBBLE_CORAL_FAN,-,-,-,-,-,-,-,-,-,-,1,
-,BUCKET,IRON_INGOT,3,-,-,-,-,-,-,7,1,1,
R,CACTUS,-,-,-,-,-,-,-,-,1,-,1,
F,CACTUS_GREEN,CACTUS,1,-,-,-,-,-,-,6,1,1,
-,CAKE,MILK_BUCKET,3,WHEAT,3,SUGAR,2,EGG,1,-,-,1,
R,CARROT,-,-,-,-,-,-,-,-,3,-,1,
-,CARROT_ON_A_STICK,FISHING_ROD,1,CARROT,1,-,-,-,-,-,-,1,
H,CARVED_PUMPKIN,PUMPKIN,1,-,-,-,-,-,-,1,1,1,
-,CAULDRON,IRON_INGOT,7,-,-,-,-,-,-,-,-,1,
TM,CHAINMAIL_BOOTS,-,-,-,-,-,-,-,-,-,-,1,
TM,CHAINMAIL_CHESTPLATE,-,-,-,-,-,-,-,-,-,-,1,
TM,CHAINMAIL_HELMET,-,-,-,-,-,-,-,-,-,-,1,
TM,CHAINMAIL_LEGGINGS,-,-,-,-,-,-,-,-,-,-,1,
F,CHARCOAL,OAK_LOG,1,-,-,-,-,-,-,-,-,1,
-,CHEST,OAK_PLANKS,8,-,-,-,-,-,-,4,1,1,
-,CHEST_MINECART,MINECART,1,CHEST,1,-,-,-,-,-,-,1,
M,CHICKEN,-,-,-,-,-,-,-,-,1,-,1,
-,CHIPPED_ANVIL,IRON_INGOT,31,-,-,-,-,-,-,-,-,1,
-,CHISELED_QUARTZ_BLOCK,QUARTZ_SLAB,2,-,-,-,-,-,-,-,-,1,
-,CHISELED_RED_SANDSTONE,RED_SANDSTONE_SLAB,2,-,-,-,-,-,-,-,-,1,
-,CHISELED_SANDSTONE,SANDSTONE_SLAB,2,-,-,-,-,-,-,-,-,1,
-,CHISELED_STONE_BRICKS,STONE_BRICK_SLAB,2,-,-,-,-,-,-,-,-,1,
E,CHORUS_FLOWER,-,-,-,-,-,-,-,-,-,-,1,
E,CHORUS_FRUIT,-,-,-,-,-,-,-,-,1,-,1,
EF,CHORUS_FRUIT_POPPED,CHORUS_FRUIT,1,-,-,-,-,-,-,2,1,1,
-,CLAY,CLAY_BALL,4,-,-,-,-,-,-,1,1,1,
R,CLAY_BALL,-,-,-,-,-,-,-,-,2,-,1,
-,CLOCK,GOLD_INGOT,4,REDSTONE,1,-,-,-,-,-,-,1,
O,CLOWNFISH,-,-,-,-,-,-,-,-,-,-,1,
O,CLOWNFISH_BUCKET,BUCKET,1,-,-,-,-,-,-,-,-,1,
R,COAL,-,-,-,-,-,-,-,-,3,-,1,
-,COAL_BLOCK,COAL,9,-,-,-,-,-,-,-,-,1,
S,COAL_ORE,-,-,-,-,-,-,-,-,-,-,1,
-,COARSE_DIRT,DIRT,2,GRAVEL,2,-,-,-,-,-,-,1,
R,COBBLESTONE,-,-,-,-,-,-,-,-,17,-,1,
-,COBBLESTONE_SLAB,COBBLESTONE,3,-,-,-,-,-,-,-,-,1,
-,COBBLESTONE_STAIRS,COBBLESTONE,6,-,-,-,-,-,-,-,-,1,
-,COBBLESTONE_WALL,COBBLESTONE,6,-,-,-,-,-,-,-,-,1,
H,COBWEB,-,-,-,-,-,-,-,-,-,-,1,
R,COCOA_BEANS,-,-,-,-,-,-,-,-,5,-,1,
O,COD,-,-,-,-,-,-,-,-,1,-,1,
O,COD_BUCKET,BUCKET,1,-,-,-,-,-,-,-,-,1,
-,COMPARATOR,STONE,3,REDSTONE_TORCH,3,QUARTZ,1,-,-,-,-,1,
-,COMPASS,IRON_INGOT,4,REDSTONE,1,-,-,-,-,2,1,1,
F,COOKED_BEEF,BEEF,1,-,-,-,-,-,-,-,-,1,
F,COOKED_CHICKEN,CHICKEN,1,-,-,-,-,-,-,-,-,1,
F,COOKED_COD,COD,1,-,-,-,-,-,-,-,-,1,
F,COOKED_MUTTON,MUTTON,1,-,-,-,-,-,-,-,-,1,
F,COOKED_PORKCHOP,PORKCHOP,1,-,-,-,-,-,-,-,-,1,
F,COOKED_RABBIT,RABBIT,1,-,-,-,-,-,-,1,1,1,
F,COOKED_SALMON,SALMON,1,-,-,-,-,-,-,-,-,1,
-,COOKIE,WHEAT,2,COCOA_BEANS,1,-,-,-,-,-,-,1,
F,CRACKED_STONE_BRICKS,STONE_BRICKS,1,-,-,-,-,-,-,-,-,1,
-,CRAFTING_TABLE,OAK_PLANKS,4,-,-,-,-,-,-,-,-,1,
M,CREEPER_HEAD,-,-,-,-,-,-,-,-,-,-,1,
-,CUT_RED_SANDSTONE,RED_SANDSTONE,4,-,-,-,-,-,-,-,-,1,
-,CUT_SANDSTONE,SANDSTONE,4,-,-,-,-,-,-,-,-,1,
-,CYAN_BANNER,CYAN_WOOL,6,STICK,1,-,-,-,-,-,-,1,
-,CYAN_BED,CYAN_WOOL,3,OAK_PLANKS,3,-,-,-,-,-,-,1,
-,CYAN_CARPET,CYAN_WOOL,2,-,-,-,-,-,-,-,-,1,
-,CYAN_CONCRETE,CYAN_CONCRETE_POWDER,1,-,-,-,-,-,-,-,-,1,
-,CYAN_CONCRETE_POWDER,GRAVEL,4,SAND,4,CYAN_DYE,1,-,-,1,8,1,
-,CYAN_DYE,LAPIS_LAZULI,1,CACTUS_GREEN,1,-,-,-,-,4,2,1,
F,CYAN_GLAZED_TERRACOTTA,CYAN_TERRACOTTA,1,-,-,-,-,-,-,-,-,1,
-,CYAN_SHULKER_BOX,SHULKER_BOX,1,CYAN_DYE,1,-,-,-,-,-,-,1,
-,CYAN_STAINED_GLASS,GLASS,8,CYAN_DYE,1,-,-,-,-,1,8,1,
-,CYAN_STAINED_GLASS_PANE,CYAN_STAINED_GLASS,6,-,-,-,-,-,-,-,-,1,
-,CYAN_TERRACOTTA,TERRACOTTA,8,CYAN_DYE,1,-,-,-,-,1,8,1,
H,CYAN_WOOL,-,-,-,-,-,-,-,-,3,-,1,
-,DAMAGED_ANVIL,IRON_INGOT,31,-,-,-,-,-,-,-,-,1,
R,DANDELION,-,-,-,-,-,-,-,-,1,-,1,
-,DANDELION_YELLOW,DANDELION,1,-,-,-,-,-,-,5,1,1,
-,DARK_OAK_BARK,DARK_OAK_LOG,4,-,-,-,-,-,-,-,-,1,
-,DARK_OAK_BOAT,DARK_OAK_PLANKS,5,-,-,-,-,-,-,-,-,1,
-,DARK_OAK_BUTTON,DARK_OAK_PLANKS,1,-,-,-,-,-,-,-,-,1,
-,DARK_OAK_DOOR,DARK_OAK_PLANKS,6,-,-,-,-,-,-,-,-,1,
-,DARK_OAK_FENCE,DARK_OAK_PLANKS,4,STICK,2,-,-,-,-,-,-,1,
-,DARK_OAK_FENCE_GATE,DARK_OAK_PLANKS,2,STICK,4,-,-,-,-,-,-,1,
H,DARK_OAK_LEAVES,-,-,-,-,-,-,-,-,-,-,1,
R,DARK_OAK_LOG,-,-,-,-,-,-,-,-,3,-,1,
-,DARK_OAK_PLANKS,DARK_OAK_LOG,1,-,-,-,-,-,-,9,4,1,
-,DARK_OAK_PRESSURE_PLATE,DARK_OAK_PLANKS,2,-,-,-,-,-,-,-,-,1,
R,DARK_OAK_SAPLING,-,-,-,-,-,-,-,-,-,-,1,
-,DARK_OAK_SLAB,DARK_OAK_PLANKS,3,-,-,-,-,-,-,-,-,1,
-,DARK_OAK_STAIRS,DARK_OAK_PLANKS,6,-,-,-,-,-,-,-,-,1,
-,DARK_OAK_TRAPDOOR,DARK_OAK_PLANKS,6,-,-,-,-,-,-,-,-,1,
-,DARK_PRISMARINE,PRISMARINE_SHARD,8,INK_SAC,1,-,-,-,-,2,1,1,
-,DARK_PRISMARINE_SLAB,DARK_PRISMARINE,3,-,-,-,-,-,-,-,-,1,
-,DARK_PRISMARINE_STAIRS,DARK_PRISMARINE,6,-,-,-,-,-,-,-,-,1,
-,DAYLIGHT_DETECTOR,GLASS,3,QUARTZ,3,OAK_SLAB,3,-,-,-,-,1,
O,DEAD_BRAIN_CORAL_BLOCK,-,-,-,-,-,-,-,-,-,-,1,
O,DEAD_BUBBLE_CORAL_BLOCK,-,-,-,-,-,-,-,-,-,-,1,
H,DEAD_BUSH,-,-,-,-,-,-,-,-,-,-,1,
O,DEAD_FIRE_CORAL_BLOCK,-,-,-,-,-,-,-,-,-,-,1,
O,DEAD_HORN_CORAL_BLOCK,-,-,-,-,-,-,-,-,-,-,1,
O,DEAD_TUBE_CORAL_BLOCK,-,-,-,-,-,-,-,-,-,-,1,
-,DETECTOR_RAIL,IRON_INGOT,6,STONE_PRESSURE_PLATE,1,REDSTONE,1,-,-,-,-,1,
R,DIAMOND,-,-,-,-,-,-,-,-,12,-,1,
-,DIAMOND_AXE,DIAMOND,3,STICK,2,-,-,-,-,-,-,1,
-,DIAMOND_BLOCK,DIAMOND,9,-,-,-,-,-,-,-,-,1,
-,DIAMOND_BOOTS,DIAMOND,4,-,-,-,-,-,-,-,-,1,
-,DIAMOND_CHESTPLATE,DIAMOND,8,-,-,-,-,-,-,-,-,1,
-,DIAMOND_HELMET,DIAMOND,5,-,-,-,-,-,-,-,-,1,
-,DIAMOND_HOE,DIAMOND,2,STICK,2,-,-,-,-,-,-,1,
R,DIAMOND_HORSE_ARMOR,-,-,-,-,-,-,-,-,-,-,1,
-,DIAMOND_LEGGINGS,DIAMOND,7,-,-,-,-,-,-,-,-,1,
S,DIAMOND_ORE,-,-,-,-,-,-,-,-,-,-,1,
-,DIAMOND_PICKAXE,DIAMOND,3,STICK,2,-,-,-,-,-,-,1,
-,DIAMOND_SHOVEL,DIAMOND,1,STICK,1,-,-,-,-,-,-,1,
-,DIAMOND_SWORD,DIAMOND,2,STICK,1,-,-,-,-,-,-,1,
R,DIORITE,-,-,-,-,-,-,-,-,1,-,1,
R,DIRT,-,-,-,-,-,-,-,-,1,-,1,
-,DISPENSER,COBBLESTONE,7,REDSTONE,1,BOW,1,-,-,-,-,1,
E,DRAGON_BREATH,GLASS_BOTTLE,1,-,-,-,-,-,-,1,1,1,
E,DRAGON_EGG,-,-,-,-,-,-,-,-,-,-,1,
E,DRAGON_HEAD,-,-,-,-,-,-,-,-,-,-,1,
F,DRIED_KELP,KELP_TOP,1,-,-,-,-,-,-,1,1,1,
-,DRIED_KELP_BLOCK,DRIED_KELP,9,-,-,-,-,-,-,-,-,1,
-,DROPPER,COBBLESTONE,7,REDSTONE,1,-,-,-,-,-,-,1,
M,EGG,-,-,-,-,-,-,-,-,2,-,1,
E,ELYTRA,-,-,-,-,-,-,-,-,-,-,1,
RT,EMERALD,-,-,-,-,-,-,-,-,1,-,1,
-,EMERALD_BLOCK,EMERALD,9,-,-,-,-,-,-,-,-,1,
R,EMERALD_ORE,-,-,-,-,-,-,-,-,-,-,1,
R,ENCHANTED_BOOK,-,-,-,-,-,-,-,-,-,-,1,
R,ENCHANTED_GOLDEN_APPLE,-,-,-,-,-,-,-,-,-,-,1,
-,ENCHANTING_TABLE,OBSIDIAN,4,DIAMOND,2,BOOK,1,-,-,-,-,1,
-,END_CRYSTAL,GLASS,7,ENDER_EYE,1,GHAST_TEAR,1,-,-,-,-,1,
E,END_ROD,BLAZE_ROD,1,CHORUS_FRUIT_POPPED,1,-,-,-,-,-,-,1,
E,END_STONE,-,-,-,-,-,-,-,-,1,-,1,
-,END_STONE_BRICKS,END_STONE,4,-,-,-,-,-,-,-,-,1,
-,ENDER_CHEST,OBSIDIAN,8,ENDER_EYE,1,-,-,-,-,-,-,1,
-,ENDER_EYE,ENDER_PEARL,1,BLAZE_POWDER,1,-,-,-,-,2,1,1,
M,ENDER_PEARL,-,-,-,-,-,-,-,-,1,-,1,
OT,EXPERIENCE_BOTTLE,-,-,-,-,-,-,-,-,-,-,1,
M,FEATHER,-,-,-,-,-,-,-,-,1,-,1,
-,FERMENTED_SPIDER_EYE,BROWN_MUSHROOM,1,SUGAR,1,SPIDER_EYE,1,-,-,-,-,1,
H,FERN,-,-,-,-,-,-,-,-,-,-,1,
-,FILLED_MAP,PAPER,8,COMPASS,1,-,-,-,-,-,-,1,
-,FIRE_CHARGE,GUNPOWDER,1,BLAZE_POWDER,1,COAL,1,-,-,-,-,1,
O,FIRE_CORAL,-,-,-,-,-,-,-,-,-,-,1,
OS,FIRE_CORAL_BLOCK,-,-,-,-,-,-,-,-,-,-,1,
O,FIRE_CORAL_FAN,-,-,-,-,-,-,-,-,-,-,1,
-,FIREWORK_ROCKET,PAPER,1,GUNPOWDER,1,-,-,-,-,-,-,1,
-,FIREWORK_STAR,GUNPOWDER,1,ROSE_RED,1,-,-,-,-,-,-,1,
-,FISHING_ROD,STICK,3,STRING,2,-,-,-,-,1,1,1,
R,FLINT,-,-,-,-,-,-,-,-,1,-,1,
-,FLINT_AND_STEEL,FLINT,1,IRON_INGOT,1,-,-,-,-,-,-,1,
-,FLOWER_POT,BRICK,3,-,-,-,-,-,-,-,-,1,
-,FURNACE,COBBLESTONE,8,-,-,-,-,-,-,1,1,1,
-,FURNACE_MINECART,FURNACE,1,MINECART,1,-,-,-,-,-,-,1,
MN,GHAST_TEAR,-,-,-,-,-,-,-,-,1,-,1,
F,GLASS,SAND,1,-,-,-,-,-,-,21,1,1,
-,GLASS_BOTTLE,GLASS,3,-,-,-,-,-,-,2,3,1,
-,GLASS_PANE,GLASS,6,-,-,-,-,-,-,-,-,1,
N,GLOWSTONE,GLOWSTONE_DUST,4,-,-,-,-,-,-,1,1,1,
N,GLOWSTONE_DUST,-,-,-,-,-,-,-,-,2,-,1,
-,GOLD_BLOCK,GOLD_INGOT,9,-,-,-,-,-,-,-,-,1,
F,GOLD_INGOT,GOLD_ORE,1,-,-,-,-,-,-,15,1,1,
-,GOLD_NUGGET,GOLD_INGOT,1,-,-,-,-,-,-,2,9,1,
R,GOLD_ORE,-,-,-,-,-,-,-,-,1,-,1,
-,GOLDEN_APPLE,GOLD_INGOT,8,APPLE,1,-,-,-,-,-,-,1,
-,GOLDEN_AXE,GOLD_INGOT,3,STICK,2,-,-,-,-,-,-,1,
-,GOLDEN_BOOTS,GOLD_INGOT,4,-,-,-,-,-,-,-,-,1,
-,GOLDEN_CARROT,GOLD_NUGGET,8,CARROT,1,-,-,-,-,-,-,1,
-,GOLDEN_CHESTPLATE,GOLD_INGOT,8,-,-,-,-,-,-,-,-,1,
-,GOLDEN_HELMET,GOLD_INGOT,5,-,-,-,-,-,-,-,-,1,
-,GOLDEN_HOE,GOLD_INGOT,2,STICK,2,-,-,-,-,-,-,1,
R,GOLDEN_HORSE_ARMOR,-,-,-,-,-,-,-,-,-,-,1,
-,GOLDEN_LEGGINGS,GOLD_INGOT,7,-,-,-,-,-,-,-,-,1,
-,GOLDEN_PICKAXE,GOLD_INGOT,3,STICK,2,-,-,-,-,-,-,1,
-,GOLDEN_SHOVEL,GOLD_INGOT,1,STICK,2,-,-,-,-,-,-,1,
-,GOLDEN_SWORD,GOLD_INGOT,2,STICK,1,-,-,-,-,-,-,1,
R,GRANITE,-,-,-,-,-,-,-,-,1,-,1,
H,GRASS,-,-,-,-,-,-,-,-,-,-,1,
S,GRASS_BLOCK,-,-,-,-,-,-,-,-,-,-,1,
R,GRAVEL,-,-,-,-,-,-,-,-,17,-,1,
-,GRAY_BANNER,GRAY_WOOL,6,STICK,1,-,-,-,-,-,-,1,
-,GRAY_BED,GRAY_WOOL,3,OAK_PLANKS,3,-,-,-,-,-,-,1,
-,GRAY_CARPET,GRAY_WOOL,2,-,-,-,-,-,-,-,-,1,
-,GRAY_CONCRETE,GRAY_CONCRETE_POWDER,1,-,-,-,-,-,-,-,-,1,
-,GRAY_CONCRETE_POWDER,GRAVEL,4,SAND,4,GRAY_DYE,1,-,-,1,8,1,
-,GRAY_DYE,INK_SAC,1,BONE_MEAL,1,-,-,-,-,3,2,1,
F,GRAY_GLAZED_TERRACOTTA,GRAY_TERRACOTTA,1,-,-,-,-,-,-,-,-,1,
-,GRAY_SHULKER_BOX,SHULKER_BOX,1,-,-,-,-,-,-,-,-,1,
-,GRAY_STAINED_GLASS,GLASS,8,GRAY_DYE,1,-,-,-,-,1,8,1,
-,GRAY_STAINED_GLASS_PANE,GRAY_STAINED_GLASS,6,-,-,-,-,-,-,-,-,1,
-,GRAY_TERRACOTTA,TERRACOTTA,8,GRAY_DYE,1,-,-,-,-,1,8,1,
H,GRAY_WOOL,-,-,-,-,-,-,-,-,3,-,1,
-,GREEN_BANNER,GREEN_WOOL,6,STICK,1,-,-,-,-,-,-,1,
-,GREEN_BED,GREEN_WOOL,3,OAK_PLANKS,3,-,-,-,-,-,-,1,
-,GREEN_CARPET,GREEN_WOOL,2,-,-,-,-,-,-,-,-,1,
-,GREEN_CONCRETE,GREEN_CONCRETE_POWDER,1,-,-,-,-,-,-,-,-,1,
-,GREEN_CONCRETE_POWDER,GRAVEL,4,SAND,4,CACTUS_GREEN,1,-,-,1,8,1,
F,GREEN_GLAZED_TERRACOTTA,GREEN_TERRACOTTA,1,-,-,-,-,-,-,-,-,1,
-,GREEN_SHULKER_BOX,SHULKER_BOX,1,CACTUS_GREEN,1,-,-,-,-,-,-,1,
-,GREEN_STAINED_GLASS,GLASS,8,CACTUS_GREEN,1,-,-,-,-,1,8,1,
-,GREEN_STAINED_GLASS_PANE,GREEN_STAINED_GLASS,6,-,-,-,-,-,-,-,-,1,
-,GREEN_TERRACOTTA,TERRACOTTA,8,CACTUS_GREEN,1,-,-,-,-,1,8,1,
H,GREEN_WOOL,-,-,-,-,-,-,-,-,3,-,1,
M,GUNPOWDER,-,-,-,-,-,-,-,-,5,-,1,
-,HAY_BLOCK,WHEAT,9,-,-,-,-,-,-,-,-,1,
-,HEAVY_WEIGHTED_PRESSURE_PLATE,IRON_INGOT,2,-,-,-,-,-,-,-,-,1,
-,HOPPER,IRON_INGOT,5,CHEST,1,-,-,-,-,1,1,1,
-,HOPPER_MINECART,MINECART,1,HOPPER,1,-,-,-,-,-,-,1,
O,HORN_CORAL,-,-,-,-,-,-,-,-,-,-,1,
OS,HORN_CORAL_BLOCK,-,-,-,-,-,-,-,-,-,-,1,
O,HORN_CORAL_FAN,-,-,-,-,-,-,-,-,-,-,1,
S,ICE,-,-,-,-,-,-,-,-,-,-,1,
M,INK_SAC,-,-,-,-,-,-,-,-,7,-,1,
-,IRON_AXE,IRON_INGOT,3,STICK,2,-,-,-,-,-,-,1,
-,IRON_BARS,IRON_INGOT,6,-,-,-,-,-,-,-,-,1,
-,IRON_BLOCK,IRON_INGOT,9,-,-,-,-,-,-,-,-,1,
-,IRON_BOOTS,IRON_INGOT,4,-,-,-,-,-,-,-,-,1,
-,IRON_CHESTPLATE,IRON_INGOT,8,-,-,-,-,-,-,-,-,1,
-,IRON_DOOR,IRON_INGOT,6,-,-,-,-,-,-,-,-,1,
-,IRON_HELMET,IRON_INGOT,5,-,-,-,-,-,-,-,-,1,
-,IRON_HOE,IRON_INGOT,2,STICK,2,-,-,-,-,-,-,1,
R,IRON_HORSE_ARMOR,-,-,-,-,-,-,-,-,-,-,1,
F,IRON_INGOT,IRON_ORE,1,-,-,-,-,-,-,31,1,1,
-,IRON_LEGGINGS,IRON_INGOT,7,-,-,-,-,-,-,-,-,1,
-,IRON_NUGGET,IRON_INGOT,1,-,-,-,-,-,-,-,-,1,
R,IRON_ORE,-,-,-,-,-,-,-,-,1,-,1,
-,IRON_PICKAXE,IRON_INGOT,3,STICK,2,-,-,-,-,-,-,1,
-,IRON_SHOVEL,IRON_INGOT,1,STICK,2,-,-,-,-,-,-,1,
-,IRON_SWORD,IRON_INGOT,2,STICK,1,-,-,-,-,-,-,1,
-,IRON_TRAPDOOR,IRON_INGOT,4,-,-,-,-,-,-,-,-,1,
-,ITEM_FRAME,STICK,8,LEATHER,1,-,-,-,-,-,-,1,
-,JACK_O_LANTERN,CARVED_PUMPKIN,1,TORCH,1,-,-,-,-,-,-,1,
-,JUKEBOX,OAK_PLANKS,8,DIAMOND,1,-,-,-,-,-,-,1,
-,JUNGLE_BARK,JUNGLE_PLANKS,4,-,-,-,-,-,-,-,-,1,
-,JUNGLE_BOAT,JUNGLE_PLANKS,5,-,-,-,-,-,-,-,-,1,
-,JUNGLE_BUTTON,JUNGLE_PLANKS,1,-,-,-,-,-,-,-,-,1,
-,JUNGLE_DOOR,JUNGLE_PLANKS,6,-,-,-,-,-,-,-,-,1,
-,JUNGLE_FENCE,JUNGLE_PLANKS,4,STICK,2,-,-,-,-,-,-,1,
-,JUNGLE_FENCE_GATE,JUNGLE_PLANKS,2,STICK,4,-,-,-,-,-,-,1,
H,JUNGLE_LEAVES,-,-,-,-,-,-,-,-,-,-,1,
R,JUNGLE_LOG,-,-,-,-,-,-,-,-,2,-,1,
-,JUNGLE_PLANKS,JUNGLE_LOG,1,-,-,-,-,-,-,10,4,1,
-,JUNGLE_PRESSURE_PLATE,JUNGLE_PLANKS,2,-,-,-,-,-,-,-,-,1,
R,JUNGLE_SAPLING,-,-,-,-,-,-,-,-,-,-,1,
-,JUNGLE_SLAB,JUNGLE_PLANKS,3,-,-,-,-,-,-,-,-,1,
-,JUNGLE_STAIRS,JUNGLE_PLANKS,6,-,-,-,-,-,-,-,-,1,
-,JUNGLE_TRAPDOOR,JUNGLE_PLANKS,6,-,-,-,-,-,-,-,-,1,
O,KELP_TOP,-,-,-,-,-,-,-,-,1,-,1,
-,LADDER,STICK,7,-,-,-,-,-,-,-,-,1,
-,LAPIS_BLOCK,LAPIS_LAZULI,9,-,-,-,-,-,-,-,-,1,
R,LAPIS_LAZULI,-,-,-,-,-,-,-,-,8,-,1,
S,LAPIS_ORE,-,-,-,-,-,-,-,-,-,-,1,
-,LAVA_BUCKET,BUCKET,1,-,-,-,-,-,-,-,-,1,
-,LEAD,STRING,4,SLIME_BALL,1,-,-,-,-,-,-,1,
M,LEATHER,-,-,-,-,-,-,-,-,6,-,1,
-,LEATHER_BOOTS,LEATHER,4,-,-,-,-,-,-,-,-,1,
-,LEATHER_CHESTPLATE,LEATHER,8,-,-,-,-,-,-,-,-,1,
-,LEATHER_HELMET,LEATHER,5,-,-,-,-,-,-,-,-,1,
-,LEATHER_LEGGINGS,LEATHER,7,-,-,-,-,-,-,-,-,1,
-,LEVER,COBBLESTONE,1,STICK,1,-,-,-,-,-,-,1,
-,LIGHT_BLUE_BANNER,LIGHT_BLUE_WOOL,6,STICK,1,-,-,-,-,-,-,1,
-,LIGHT_BLUE_BED,LIGHT_BLUE_WOOL,3,OAK_PLANKS,3,-,-,-,-,-,-,1,
-,LIGHT_BLUE_CARPET,LIGHT_BLUE_WOOL,2,-,-,-,-,-,-,-,-,1,
-,LIGHT_BLUE_CONCRETE,LIGHT_BLUE_CONCRETE_POWDER,1,-,-,-,-,-,-,-,-,1,
-,LIGHT_BLUE_CONCRETE_POWDER,GRAVEL,4,SAND,4,LIGHT_BLUE_DYE,1,-,-,1,8,1,
-,LIGHT_BLUE_DYE,LAPIS_LAZULI,1,BONE_MEAL,1,-,-,-,-,4,2,1,
F,LIGHT_BLUE_GLAZED_TERRACOTTA,LIGHT_BLUE_TERRACOTTA,1,-,-,-,-,-,-,-,-,1,
-,LIGHT_BLUE_SHULKER_BOX,SHULKER_BOX,1,LIGHT_BLUE_DYE,1,-,-,-,-,-,-,1,
-,LIGHT_BLUE_STAINED_GLASS,GLASS,8,LIGHT_BLUE_DYE,1,-,-,-,-,1,8,1,
-,LIGHT_BLUE_STAINED_GLASS_PANE,LIGHT_BLUE_STAINED_GLASS,6,-,-,-,-,-,-,-,-,1,
-,LIGHT_BLUE_TERRACOTTA,TERRACOTTA,8,LIGHT_BLUE_DYE,1,-,-,-,-,1,8,1,
H,LIGHT_BLUE_WOOL,-,-,-,-,-,-,-,-,3,-,1,
-,LIGHT_GRAY_BANNER,LIGHT_GRAY_WOOL,6,STICK,1,-,-,-,-,-,-,1,
-,LIGHT_GRAY_BED,LIGHT_GRAY_WOOL,3,OAK_PLANKS,3,-,-,-,-,-,-,1,
-,LIGHT_GRAY_CARPET,LIGHT_GRAY_WOOL,2,-,-,-,-,-,-,-,-,1,
-,LIGHT_GRAY_CONCRETE,LIGHT_GRAY_CONCRETE_POWDER,1,-,-,-,-,-,-,-,-,1,
-,LIGHT_GRAY_CONCRETE_POWDER,GRAVEL,4,SAND,4,LIGHT_GRAY_DYE,1,-,-,1,8,1,
-,LIGHT_GRAY_DYE,AZURE_BLUET,1,-,-,-,-,-,-,4,1,1,
F,LIGHT_GRAY_GLAZED_TERRACOTTA,LIGHT_GRAY_TERRACOTTA,1,-,-,-,-,-,-,-,-,1,
-,LIGHT_GRAY_SHULKER_BOX,SHULKER_BOX,1,LIGHT_GRAY_DYE,1,-,-,-,-,-,-,1,
-,LIGHT_GRAY_STAINED_GLASS,GLASS,8,LIGHT_GRAY_DYE,1,-,-,-,-,1,8,1,
-,LIGHT_GRAY_STAINED_GLASS_PANE,LIGHT_GRAY_STAINED_GLASS,6,-,-,-,-,-,-,-,-,1,
-,LIGHT_GRAY_TERRACOTTA,TERRACOTTA,8,LIGHT_GRAY_DYE,1,-,-,-,-,1,8,1,
-,LIGHT_GRAY_WOOL,-,-,-,-,-,-,-,-,3,-,1,
-,LIGHT_WEIGHTED_PRESSURE_PLATE,GOLD_INGOT,2,-,-,-,-,-,-,-,-,1,
R,LILAC,-,-,-,-,-,-,-,-,-,-,1,
R,LILY_PAD,-,-,-,-,-,-,-,-,-,-,1,
-,LIME_BANNER,LIME_WOOL,6,STICK,1,-,-,-,-,-,-,1,
-,LIME_BED,LIME_WOOL,3,OAK_PLANKS,3,-,-,-,-,-,-,1,
-,LIME_CARPET,LIME_WOOL,2,-,-,-,-,-,-,-,-,1,
-,LIME_CONCRETE,LIME_CONCRETE_POWDER,1,-,-,-,-,-,-,-,-,1,
-,LIME_CONCRETE_POWDER,GRAVEL,4,SAND,4,LIME_DYE,1,-,-,1,8,1,
-,LIME_DYE,CACTUS_GREEN,1,BONE_MEAL,1,-,-,-,-,4,2,1,
F,LIME_GLAZED_TERRACOTTA,LIME_TERRACOTTA,1,-,-,-,-,-,-,-,-,1,
-,LIME_SHULKER_BOX,SHULKER_BOX,1,LIME_DYE,1,-,-,-,-,-,-,1,
-,LIME_STAINED_GLASS,GLASS,8,LIME_DYE,1,-,-,-,-,1,8,1,
-,LIME_STAINED_GLASS_PANE,LIME_STAINED_GLASS,6,-,-,-,-,-,-,-,-,1,
-,LIME_TERRACOTTA,TERRACOTTA,8,LIME_DYE,1,-,-,-,-,1,8,1,
H,LIME_WOOL,-,-,-,-,-,-,-,-,3,-,1,
-,LINGERING_POTION,DRAGON_BREATH,1,SPLASH_POTION,1,-,-,-,-,1,1,1,
-,MAGENTA_BANNER,MAGENTA_WOOL,6,STICK,1,-,-,-,-,-,-,1,
-,MAGENTA_BED,MAGENTA_WOOL,3,OAK_PLANKS,3,-,-,-,-,-,-,1,
-,MAGENTA_CARPET,MAGENTA_WOOL,2,-,-,-,-,-,-,-,-,1,
-,MAGENTA_CONCRETE,MAGENTA_CONCRETE_POWDER,1,-,-,-,-,-,-,-,-,1,
-,MAGENTA_CONCRETE_POWDER,GRAVEL,4,SAND,4,MAGENTA_DYE,1,-,-,1,8,1,
-,MAGENTA_DYE,PINK_DYE,1,PURPLE_DYE,1,-,-,-,-,4,2,1,
F,MAGENTA_GLAZED_TERRACOTTA,MAGENTA_TERRACOTTA,1,-,-,-,-,-,-,-,-,1,
-,MAGENTA_SHULKER_BOX,SHULKER_BOX,1,MAGENTA_DYE,1,-,-,-,-,-,-,1,
-,MAGENTA_STAINED_GLASS,GLASS,8,MAGENTA_DYE,1,-,-,-,-,1,8,1,
-,MAGENTA_STAINED_GLASS_PANE,MAGENTA_STAINED_GLASS,6,-,-,-,-,-,-,-,-,1,
-,MAGENTA_TERRACOTTA,TERRACOTTA,8,MAGENTA_DYE,1,-,-,-,-,1,8,1,
H,MAGENTA_WOOL,-,-,-,-,-,-,-,-,3,-,1,
N,MAGMA_BLOCK,-,-,-,-,-,-,-,-,-,-,1,
M,MAGMA_CREAM,-,-,-,-,-,-,-,-,-,-,1,
-,MAP,PAPER,8,COMPASS,1,-,-,-,-,-,-,1,
R,MELON,-,-,-,-,-,-,-,-,3,-,1,
-,MELON_BLOCK,MELON,9,-,-,-,-,-,-,-,-,1,
-,MELON_SEEDS,MELON,1,-,-,-,-,-,-,-,-,1,
-,MILK_BUCKET,BUCKET,1,-,-,-,-,-,-,1,1,1,
-,MINECART,IRON_INGOT,5,-,-,-,-,-,-,4,1,1,
-,MOSSY_COBBLESTONE,COBBLESTONE,1,VINE,1,-,-,-,-,1,1,1,
-,MOSSY_COBBLESTONE_WALL,MOSSY_COBBLESTONE,6,-,-,-,-,-,-,-,-,1,
-,MOSSY_STONE_BRICKS,STONE_BRICKS,1,VINE,1,-,-,-,-,-,-,1,
-,MUSHROOM_STEW,BOWL,1,BROWN_MUSHROOM,1,RED_MUSHROOM,1,-,-,-,-,1,
M,MUSIC_DISC_11,-,-,-,-,-,-,-,-,-,-,1,
M,MUSIC_DISC_13,-,-,-,-,-,-,-,-,-,-,1,
M,MUSIC_DISC_BLOCKS,-,-,-,-,-,-,-,-,-,-,1,
M,MUSIC_DISC_CAT,-,-,-,-,-,-,-,-,-,-,1,
M,MUSIC_DISC_CHIRP,-,-,-,-,-,-,-,-,-,-,1,
M,MUSIC_DISC_FAR,-,-,-,-,-,-,-,-,-,-,1,
M,MUSIC_DISC_MALL,-,-,-,-,-,-,-,-,-,-,1,
M,MUSIC_DISC_MELLOHI,-,-,-,-,-,-,-,-,-,-,1,
M,MUSIC_DISC_STAL,-,-,-,-,-,-,-,-,-,-,1,
M,MUSIC_DISC_STRAD,-,-,-,-,-,-,-,-,-,-,1,
M,MUSIC_DISC_WAIT,-,-,-,-,-,-,-,-,-,-,1,
M,MUSIC_DISC_WARD,-,-,-,-,-,-,-,-,-,-,1,
M,MUTTON,-,-,-,-,-,-,-,-,1,-,1,
S,MYCELIUM,-,-,-,-,-,-,-,-,-,-,1,
R,NAME_TAG,-,-,-,-,-,-,-,-,-,-,1,
M,NAUTILUS_SHELL,-,-,-,-,-,-,-,-,-,-,1,
N,NETHER_BRICK,NETHERRACK,1,-,-,-,-,-,-,2,1,1,
N,NETHER_BRICK_FENCE,NETHER_BRICKS,6,-,-,-,-,-,-,-,-,1,
N,NETHER_BRICK_SLAB,NETHER_BRICKS,3,-,-,-,-,-,-,-,-,1,
N,NETHER_BRICK_STAIRS,NETHER_BRICKS,6,-,-,-,-,-,-,-,-,1,
N,NETHER_BRICKS,NETHER_BRICK,4,-,-,-,-,-,-,3,1,1,
SN,NETHER_QUARTZ_ORE,-,-,-,-,-,-,-,-,1,-,1,
N,NETHER_STAR,-,-,-,-,-,-,-,-,1,-,1,
N,NETHER_WART,-,-,-,-,-,-,-,-,2,-,1,
N,NETHER_WART_BLOCK,NETHER_WART,9,-,-,-,-,-,-,-,-,1,
N,NETHERRACK,-,-,-,-,-,-,-,-,1,-,1,
-,NOTE_BLOCK,OAK_PLANKS,8,REDSTONE,1,-,-,-,-,-,-,1,
-,OAK_BARK,OAK_LOG,4,-,-,-,-,-,-,-,-,1,
-,OAK_BOAT,OAK_PLANKS,5,-,-,-,-,-,-,-,-,1,
-,OAK_BUTTON,OAK_PLANKS,1,-,-,-,-,-,-,-,-,1,
-,OAK_DOOR,OAK_PLANKS,6,-,-,-,-,-,-,-,-,1,
-,OAK_FENCE,OAK_PLANKS,4,STICK,2,-,-,-,-,-,-,1,
-,OAK_FENCE_GATE,OAK_PLANKS,2,STICK,4,-,-,-,-,-,-,1,
H,OAK_LEAVES,-,-,-,-,-,-,-,-,-,-,1,
R,OAK_LOG,-,-,-,-,-,-,-,-,4,-,1,
-,OAK_PLANKS,OAK_LOG,1,-,-,-,-,-,-,41,4,1,
-,OAK_PRESSURE_PLATE,OAK_PLANKS,2,-,-,-,-,-,-,-,-,1,
R,OAK_SAPLING,-,-,-,-,-,-,-,-,-,-,1,
-,OAK_SLAB,OAK_PLANKS,3,-,-,-,-,-,-,1,6,1,
-,OAK_STAIRS,OAK_PLANKS,6,-,-,-,-,-,-,-,-,1,
-,OAK_TRAPDOOR,OAK_PLANKS,6,-,-,-,-,-,-,-,-,1,
-,OBSERVER,COBBLESTONE,6,REDSTONE,2,QUARTZ,1,-,-,-,-,1,
-,OBSIDIAN,-,-,-,-,-,-,-,-,3,-,1,
-,ORANGE_BANNER,ORANGE_WOOL,6,STICK,1,-,-,-,-,-,-,1,
-,ORANGE_BED,ORANGE_WOOL,3,OAK_PLANKS,3,-,-,-,-,-,-,1,
-,ORANGE_CARPET,ORANGE_WOOL,2,-,-,-,-,-,-,-,-,1,
-,ORANGE_CONCRETE,ORANGE_CONCRETE_POWDER,1,-,-,-,-,-,-,-,-,1,
-,ORANGE_CONCRETE_POWDER,GRAVEL,4,SAND,4,ORANGE_DYE,1,-,-,1,8,1,
-,ORANGE_DYE,ROSE_RED,1,DANDELION_YELLOW,1,-,-,-,-,4,2,1,
F,ORANGE_GLAZED_TERRACOTTA,ORANGE_TERRACOTTA,1,-,-,-,-,-,-,-,-,1,
-,ORANGE_SHULKER_BOX,SHULKER_BOX,1,ORANGE_DYE,1,-,-,-,-,-,-,1,
-,ORANGE_STAINED_GLASS,GLASS,8,ORANGE_DYE,1,-,-,-,-,1,8,1,
-,ORANGE_STAINED_GLASS_PANE,ORANGE_STAINED_GLASS,6,-,-,-,-,-,-,-,-,1,
-,ORANGE_TERRACOTTA,TERRACOTTA,8,ORANGE_DYE,1,-,-,-,-,1,8,1,
R,ORANGE_TULIP,-,-,-,-,-,-,-,-,-,-,1,
H,ORANGE_WOOL,-,-,-,-,-,-,-,-,3,-,1,
R,OXEYE_DAISY,-,-,-,-,-,-,-,-,-,-,1,
S,PACKED_ICE,-,-,-,-,-,-,-,-,1,-,1,
-,PAINTING,STICK,8,WHITE_WOOL,1,-,-,-,-,-,-,1,
-,PAPER,SUGAR_CANE,3,-,-,-,-,-,-,4,3,1,
R,PEONY,-,-,-,-,-,-,-,-,-,-,1,
M,PHANTOM_MEMBRANE,-,-,-,-,-,-,-,-,-,-,1,
-,PINK_BANNER,PINK_WOOL,6,STICK,1,-,-,-,-,-,-,1,
-,PINK_BED,PINK_WOOL,3,OAK_PLANKS,3,-,-,-,-,-,-,1,
-,PINK_CARPET,PINK_WOOL,2,-,-,-,-,-,-,-,-,1,
-,PINK_CONCRETE,PINK_CONCRETE_POWDER,1,-,-,-,-,-,-,-,-,1,
-,PINK_CONCRETE_POWDER,GRAVEL,4,SAND,4,PINK_DYE,1,-,-,1,8,1,
-,PINK_DYE,ROSE_RED,1,BONE_MEAL,1,-,-,-,-,5,2,1,
F,PINK_GLAZED_TERRACOTTA,PINK_TERRACOTTA,1,-,-,-,-,-,-,-,-,1,
-,PINK_SHULKER_BOX,SHULKER_BOX,1,PINK_DYE,1,-,-,-,-,-,-,1,
-,PINK_STAINED_GLASS,GLASS,8,PINK_DYE,1,-,-,-,-,1,8,1,
-,PINK_STAINED_GLASS_PANE,PINK_STAINED_GLASS,6,-,-,-,-,-,-,-,-,1,
-,PINK_TERRACOTTA,TERRACOTTA,8,PINK_DYE,1,-,-,-,-,1,8,1,
R,PINK_TULIP,-,-,-,-,-,-,-,-,-,-,1,
-,PINK_WOOL,-,-,-,-,-,-,-,-,3,-,1,
-,PISTON,COBBLESTONE,4,OAK_PLANKS,3,IRON_INGOT,1,REDSTONE,1,1,1,1,
S,PODZOL,-,-,-,-,-,-,-,-,-,-,1,
O,POISONOUS_POTATO,-,-,-,-,-,-,-,-,-,-,1,
-,POLISHED_ANDESITE,ANDESITE,4,-,-,-,-,-,-,-,-,1,
-,POLISHED_DIORITE,DIORITE,4,-,-,-,-,-,-,-,-,1,
-,POLISHED_GRANITE,GRANITE,4,-,-,-,-,-,-,-,-,1,
R,POPPY,-,-,-,-,-,-,-,-,-,-,1,
M,PORKCHOP,-,-,-,-,-,-,-,-,1,-,1,
R,POTATO,-,-,-,-,-,-,-,-,1,-,1,
-,POTION,GLASS_BOTTLE,1,-,-,-,-,-,-,1,1,1,
-,POWERED_RAIL,GOLD_INGOT,6,REDSTONE,1,STICK,1,-,-,-,-,1,
R,PRISMARINE,-,-,-,-,-,-,-,-,2,-,1,
R,PRISMARINE_BRICKS,-,-,-,-,-,-,-,-,2,-,1,
-,PRISMARINE_BRICKS_SLAB,PRISMARINE_BRICKS,3,-,-,-,-,-,-,-,-,1,
-,PRISMARINE_BRICKS_STAIRS,PRISMARINE_BRICKS,6,-,-,-,-,-,-,-,-,1,
M,PRISMARINE_CRYSTALS,-,-,-,-,-,-,-,-,1,-,1,
M,PRISMARINE_SHARD,-,-,-,-,-,-,-,-,2,-,1,
-,PRISMARINE_SLAB,PRISMARINE,3,-,-,-,-,-,-,-,-,1,
-,PRISMARINE_STAIRS,PRISMARINE,6,-,-,-,-,-,-,-,-,1,
O,PUFFERFISH,-,-,-,-,-,-,-,-,-,-,1,
-,PUFFERFISH_BUCKET,BUCKET,-,-,-,-,-,-,-,-,-,1,
R,PUMPKIN,-,-,-,-,-,-,-,-,3,-,1,
-,PUMPKIN_PIE,PUMPKIN,1,SUGAR,1,EGG,1,-,-,-,-,1,
-,PUMPKIN_SEEDS,PUMPKIN,1,-,-,-,-,-,-,-,-,1,
-,PURPLE_BANNER,PURPLE_WOOL,6,STICK,1,-,-,-,-,-,-,1,
-,PURPLE_BED,PURPLE_WOOL,3,OAK_PLANKS,3,-,-,-,-,-,-,1,
-,PURPLE_CARPET,PURPLE_WOOL,2,-,-,-,-,-,-,-,-,1,
-,PURPLE_CONCRETE,PURPLE_CONCRETE_POWDER,1,-,-,-,-,-,-,-,-,1,
-,PURPLE_CONCRETE_POWDER,GRAVEL,4,SAND,4,PURPLE_DYE,1,-,-,1,8,1,
-,PURPLE_DYE,ROSE_RED,1,LAPIS_LAZULI,1,-,-,-,-,5,2,1,
F,PURPLE_GLAZED_TERRACOTTA,PURPLE_TERRACOTTA,1,-,-,-,-,-,-,-,-,1,
-,PURPLE_SHULKER_BOX,SHULKER_BOX,1,PURPLE_DYE,1,-,-,-,-,-,-,1,
-,PURPLE_STAINED_GLASS,GLASS,8,PURPLE_DYE,1,-,-,-,-,1,8,1,
-,PURPLE_STAINED_GLASS_PANE,PURPLE_STAINED_GLASS,6,-,-,-,-,-,-,-,-,1,
-,PURPLE_TERRACOTTA,TERRACOTTA,8,PURPLE_DYE,1,-,-,-,-,1,8,1,
H,PURPLE_WOOL,-,-,-,-,-,-,-,-,3,-,1,
E,PURPUR_BLOCK,CHORUS_FRUIT_POPPED,4,-,-,-,-,-,-,2,4,1,
E,PURPUR_PILLAR,PURPUR_SLAB,2,-,-,-,-,-,-,-,-,1,
E,PURPUR_SLAB,PURPUR_BLOCK,3,-,-,-,-,-,-,1,6,1,
E,PURPUR_STAIRS,PURPUR_BLOCK,6,-,-,-,-,-,-,-,-,1,
N,QUARTZ,NETHER_QUARTZ_ORE,1,-,-,-,-,-,-,4,1,1,
N,QUARTZ_BLOCK,QUARTZ,4,-,-,-,-,-,-,2,1,1,
N,QUARTZ_PILLAR,QUARTZ_SLAB,2,-,-,-,-,-,-,-,-,1,
N,QUARTZ_SLAB,QUARTZ_BLOCK,3,-,-,-,-,-,-,2,6,1,
N,QUARTZ_STAIRS,QUARTZ_BLOCK,6,-,-,-,-,-,-,-,-,1,
R,RABBIT,-,-,-,-,-,-,-,-,1,-,1,
M,RABBIT_FOOT,-,-,-,-,-,-,-,-,-,-,1,
M,RABBIT_HIDE,-,-,-,-,-,-,-,-,-,-,1,
-,RABBIT_STEW,COOKED_RABBIT,1,BAKED_POTATO,1,CARROT,1,BROWN_MUSHROOM,1,-,-,1,
-,RAIL,IRON_INGOT,6,STICK,1,-,-,-,-,-,-,1,
-,RED_BANNER,RED_WOOL,6,STICK,1,-,-,-,-,-,-,1,
-,RED_BED,RED_WOOL,3,OAK_PLANKS,3,-,-,-,-,-,-,1,
-,RED_CARPET,RED_WOOL,2,-,-,-,-,-,-,-,-,1,
-,RED_CONCRETE,RED_CONCRETE_POWDER,1,-,-,-,-,-,-,-,-,1,
-,RED_CONCRETE_POWDER,GRAVEL,4,SAND,4,ROSE_RED,1,-,-,1,8,1,
-,RED_GLAZED_TERRACOTTA,RED_TERRACOTTA,1,-,-,-,-,-,-,-,-,1,
R,RED_MUSHROOM,-,-,-,-,-,-,-,-,1,-,1,
S,RED_MUSHROOM_BLOCK,-,-,-,-,-,-,-,-,-,-,1,
-,RED_NETHER_BRICKS,NETHER_BRICK,2,NETHER_WART,2,-,-,-,-,-,-,1,
R,RED_SAND,-,-,-,-,-,-,-,-,1,-,1,
-,RED_SANDSTONE,RED_SAND,4,-,-,-,-,-,-,3,1,1,
-,RED_SANDSTONE_SLAB,RED_SANDSTONE,3,-,-,-,-,-,-,1,6,1,
-,RED_SANDSTONE_STAIRS,RED_SANDSTONE,6,-,-,-,-,-,-,-,-,1,
-,RED_SHULKER_BOX,SHULKER_BOX,1,ROSE_RED,1,-,-,-,-,-,-,1,
-,RED_STAINED_GLASS,GLASS,8,ROSE_RED,1,-,-,-,-,1,8,1,
-,RED_STAINED_GLASS_PANE,RED_STAINED_GLASS,6,-,-,-,-,-,-,-,-,1,
-,RED_TERRACOTTA,TERRACOTTA,8,ROSE_RED,-,-,-,-,-,1,8,1,
R,RED_TULIP,-,-,-,-,-,-,-,-,-,-,1,
H,RED_WOOL,-,-,-,-,-,-,-,-,3,-,1,
R,REDSTONE,-,-,-,-,-,-,-,-,13,-,1,
-,REDSTONE_BLOCK,REDSTONE,9,-,-,-,-,-,-,-,-,1,
-,REDSTONE_LAMP,GLOWSTONE,1,REDSTONE,4,-,-,-,-,-,-,1,
S,REDSTONE_ORE,-,-,-,-,-,-,-,-,-,-,1,
-,REDSTONE_TORCH,STICK,1,REDSTONE,1,-,-,-,-,3,1,1,
-,REPEATER,STONE,3,REDSTONE_TORCH,2,REDSTONE,1,-,-,-,-,1,
R,ROSE_BUSH,-,-,-,-,-,-,-,-,1,-,1,
-,ROSE_RED,ROSE_BUSH,1,-,-,-,-,-,-,8,2,1,
M,ROTTEN_FLESH,-,-,-,-,-,-,-,-,-,-,1,
R,SADDLE,-,-,-,-,-,-,-,-,-,-,1,
O,SALMON,-,-,-,-,-,-,-,-,1,-,1,
O,SALMON_BUCKET,BUCKET,1,-,-,-,-,-,-,-,-,1,
R,SAND,-,-,-,-,-,-,-,-,19,-,1,
-,SANDSTONE,SAND,4,-,-,-,-,-,-,3,1,1,
-,SANDSTONE_SLAB,SANDSTONE,3,-,-,-,-,-,-,1,6,1,
-,SANDSTONE_STAIRS,SANDSTONE,6,-,-,-,-,-,-,-,-,1,
M,SCUTE,-,-,-,-,-,-,-,-,1,-,1,
HO,SEA_GRASS,-,-,-,-,-,-,-,-,-,-,1,
-,SEA_LANTERN,PRISMARINE_SHARD,4,PRISMARINE_CRYSTALS,5,-,-,-,-,-,-,1,
O,SEA_PICKLE,-,-,-,-,-,-,-,-,-,-,1,
-,SHEARS,IRON_INGOT,2,-,-,-,-,-,-,-,-,1,
-,SHIELD,OAK_PLANKS,6,IRON_INGOT,1,-,-,-,-,-,-,1,
-,SHULKER_BOX,SHULKER_SHELL,2,CHEST,1,-,-,-,-,16,1,1,
E,SHULKER_SHELL,-,-,-,-,-,-,-,-,1,-,1,
-,SIGN,OAK_PLANKS,6,STICK,1,-,-,-,-,-,-,1,
M,SKELETON_SKULL,-,-,-,-,-,-,-,-,-,-,1,
M,SLIME_BALL,-,-,-,-,-,-,-,-,3,-,1,
-,SLIME_BLOCK,SLIME_BALL,9,-,-,-,-,-,-,-,-,1,
-,SNOW,SNOW_BLOCK,3,-,-,-,-,-,-,-,-,1,
-,SNOW_BLOCK,SNOWBALL,4,-,-,-,-,-,-,1,1,1,
-,SNOWBALL,-,-,-,-,-,-,-,-,1,-,1,
N,SOUL_SAND,-,-,-,-,-,-,-,-,-,-,1,
-,SPECKLED_MELON,GOLD_NUGGET,8,MELON,1,-,-,-,-,-,-,1,
-,SPECTRAL_ARROW,GLOWSTONE_DUST,4,ARROW,1,-,-,-,-,-,-,1,
M,SPIDER_EYE,-,-,-,-,-,-,-,-,1,-,1,
-,SPLASH_POTION,POTION,1,GUNPOWDER,1,-,-,-,-,1,1,1,
OF,SPONGE,-,-,-,-,-,-,-,-,-,-,1,
-,SPRUCE_BARK,SPRUCE_LOG,4,-,-,-,-,-,-,-,-,1,
-,SPRUCE_BOAT,SPRUCE_PLANKS,5,-,-,-,-,-,-,-,-,1,
-,SPRUCE_BUTTON,SPRUCE_PLANKS,1,-,-,-,-,-,-,-,-,1,
-,SPRUCE_DOOR,SPRUCE_PLANKS,6,-,-,-,-,-,-,-,-,1,
-,SPRUCE_FENCE,SPRUCE_PLANKS,4,STICK,2,-,-,-,-,-,-,1,
-,SPRUCE_FENCE_GATE,SPRUCE_PLANKS,2,STICK,4,-,-,-,-,-,-,1,
H,SPRUCE_LEAVES,-,-,-,-,-,-,-,-,-,-,1,
R,SPRUCE_LOG,-,-,-,-,-,-,-,-,3,-,1,
-,SPRUCE_PLANKS,SPRUCE_LOG,1,-,-,-,-,-,-,9,4,1,
-,SPRUCE_PRESSURE_PLATE,SPRUCE_PLANKS,2,-,-,-,-,-,-,-,-,1,
R,SPRUCE_SAPLING,-,-,-,-,-,-,-,-,-,-,1,
-,SPRUCE_SLAB,SPRUCE_PLANKS,3,-,-,-,-,-,-,-,-,1,
-,SPRUCE_STAIRS,SPRUCE_PLANKS,6,-,-,-,-,-,-,-,-,1,
-,SPRUCE_TRAPDOOR,SPRUCE_PLANKS,6,-,-,-,-,-,-,-,-,1,
-,STICK,OAK_PLANKS,2,-,-,-,-,-,-,67,4,1,
-,STICKY_PISTON,PISTON,1,SLIME_BALL,1,-,-,-,-,-,-,1,
F,STONE,COBBLESTONE,1,-,-,-,-,-,-,6,1,1,
-,STONE_AXE,COBBLESTONE,3,STICK,3,-,-,-,-,-,-,1,
-,STONE_BRICK_SLAB,STONE_BRICKS,3,-,-,-,-,-,-,1,6,1,
-,STONE_BRICK_STAIRS,STONE_BRICKS,6,-,-,-,-,-,-,-,-,1,
-,STONE_BRICKS,STONE,4,-,-,-,-,-,-,4,4,1,
-,STONE_BUTTON,STONE,1,-,-,-,-,-,-,-,-,1,
-,STONE_HOE,COBBLESTONE,2,STICK,2,-,-,-,-,-,-,1,
-,STONE_PICKAXE,COBBLESTONE,3,STICK,2,-,-,-,-,-,-,1,
-,STONE_PRESSURE_PLATE,STONE,2,-,-,-,-,-,-,1,1,1,
-,STONE_SHOVEL,COBBLESTONE,1,STICK,2,-,-,-,-,-,-,1,
-,STONE_SLAB,STONE,3,-,-,-,-,-,-,1,6,1,
-,STONE_SWORD,COBBLESTONE,2,STICK,1,-,-,-,-,-,-,1,
M,STRING,-,-,-,-,-,-,-,-,3,-,1,
-,STRIPPED_ACACIA_LOG,ACACIA_LOG,1,-,-,-,-,-,-,-,-,1,
-,STRIPPED_BIRCH_LOG,BIRCH_LOG,1,-,-,-,-,-,-,-,-,1,
-,STRIPPED_DARK_OAK_LOG,DARK_OAK_LOG,1,-,-,-,-,-,-,-,-,1,
-,STRIPPED_JUNGLE_LOG,JUNGLE_LOG,1,-,-,-,-,-,-,-,-,1,
-,STRIPPED_OAK_LOG,OAK_LOG,1,-,-,-,-,-,-,-,-,1,
-,STRIPPED_SPRUCE_LOG,SPRUCE_LOG,1,-,-,-,-,-,-,-,-,1,
-,SUGAR,SUGAR_CANE,1,-,-,-,-,-,-,3,1,1,
R,SUGAR_CANE,-,-,-,-,-,-,-,-,2,-,1,
R,SUNFLOWER,-,-,-,-,-,-,-,-,-,-,1,
F,TERRACOTTA,CLAY,1,-,-,-,-,-,-,16,1,1,
-,TIPPED_ARROW,ARROW,8,LINGERING_POTION,1,-,-,-,-,-,-,1,
-,TNT,SAND,4,GUNPOWDER,5,-,-,-,-,1,1,1,
-,TNT_MINECART,TNT,1,MINECART,1,-,-,-,-,-,-,1,
-,TORCH,COAL,1,STICK,1,-,-,-,-,1,4,1,
M,TOTEM_OF_UNDYING,-,-,-,-,-,-,-,-,-,-,1,
-,TRAPPED_CHEST,CHEST,1,TRIPWIRE_HOOK,1,-,-,-,-,-,-,1,
M,TRIDENT,-,-,-,-,-,-,-,-,-,-,1,
-,TRIPWIRE_HOOK,IRON_INGOT,1,STICK,1,OAK_PLANKS,1,-,-,1,2,1,
O,TUBE_CORAL,-,-,-,-,-,-,-,-,-,-,1,
OS,TUBE_CORAL_BLOCK,-,-,-,-,-,-,-,-,-,-,1,
O,TUBE_CORAL_FAN,-,-,-,-,-,-,-,-,-,-,1,
S,TURTLE_EGG,-,-,-,-,-,-,-,-,-,-,1,
-,TURTLE_HELMET,SCUTE,5,-,-,-,-,-,-,-,-,1,
H,VINE,-,-,-,-,-,-,-,-,2,-,1,
-,WATER_BUCKET,BUCKET,1,-,-,-,-,-,-,-,-,1,
O,WET_SPONGE,-,-,-,-,-,-,-,-,-,-,1,
R,WHEAT,-,-,-,-,-,-,-,-,4,-,1,
R,WHEAT_SEEDS,-,-,-,-,-,-,-,-,-,-,1,
-,WHITE_BANNER,WHITE_WOOL,6,STICK,1,-,-,-,-,-,-,1,
-,WHITE_BED,WHITE_WOOL,3,OAK_PLANKS,3,-,-,-,-,-,-,1,
-,WHITE_CARPET,WHITE_WOOL,2,-,-,-,-,-,-,-,-,1,
-,WHITE_CONCRETE,WHITE_CONCRETE_POWDER,1,-,-,-,-,-,-,-,-,1,
-,WHITE_CONCRETE_POWDER,GRAVEL,4,SAND,4,BONE_MEAL,1,-,-,1,8,1,
F,WHITE_GLAZED_TERRACOTTA,WHITE_TERRACOTTA,1,-,-,-,-,-,-,-,-,1,
-,WHITE_SHULKER_BOX,SHULKER_BOX,1,BONE_MEAL,1,-,-,-,-,-,-,1,
-,WHITE_STAINED_GLASS,GLASS,8,BONE_MEAL,1,-,-,-,-,1,8,1,
-,WHITE_STAINED_GLASS_PANE,WHITE_STAINED_GLASS,6,-,-,-,-,-,-,-,-,1,
-,WHITE_TERRACOTTA,TERRACOTTA,8,BONE_MEAL,1,-,-,-,-,1,8,1,
R,WHITE_TULIP,-,-,-,-,-,-,-,-,-,-,1,
H,WHITE_WOOL,-,-,-,-,-,-,-,-,4,-,1,
M,WITHER_SKELETON_SKULL,-,-,-,-,-,-,-,-,-,-,1,
-,WOODEN_AXE,OAK_PLANKS,3,STICK,2,-,-,-,-,-,-,1,
-,WOODEN_HOE,OAK_PLANKS,2,STICK,2,-,-,-,-,-,-,1,
-,WOODEN_PICKAXE,OAK_PLANKS,3,STICK,2,-,-,-,-,-,-,1,
-,WOODEN_SHOVEL,OAK_PLANKS,1,STICK,2,-,-,-,-,-,-,1,
-,WOODEN_SWORD,OAK_PLANKS,2,STICK,1,-,-,-,-,-,-,1,
-,WRITABLE_BOOK,BOOK,1,INK_SAC,1,FEATHER,1,-,-,1,1,1,
-,WRITTEN_BOOK,WRITABLE_BOOK,1,-,-,-,-,-,-,-,-,1,
-,YELLOW_BANNER,YELLOW_WOOL,6,STICK,1,-,-,-,-,-,-,1,
-,YELLOW_BED,YELLOW_WOOL,3,OAK_PLANKS,3,-,-,-,-,-,-,1,
-,YELLOW_CARPET,YELLOW_WOOL,2,-,-,-,-,-,-,-,-,1,
-,YELLOW_CONCRETE,YELLOW_CONCRETE_POWDER,1,-,-,-,-,-,-,-,-,1,
-,YELLOW_CONCRETE_POWDER,GRAVEL,4,SAND,4,DANDELION_YELLOW,1,-,-,1,8,1,
F,YELLOW_GLAZED_TERRACOTTA,YELLOW_TERRACOTTA,1,-,-,-,-,-,-,-,-,1,
-,YELLOW_SHULKER_BOX,SHULKER_BOX,1,DANDELION_YELLOW,1,-,-,-,-,-,-,1,
-,YELLOW_STAINED_GLASS,GLASS,8,DANDELION_YELLOW,1,-,-,-,-,1,8,1,
-,YELLOW_STAINED_GLASS_PANE,YELLOW_STAINED_GLASS,6,-,-,-,-,-,-,-,-,1,
-,YELLOW_TERRACOTTA,TERRACOTTA,8,DANDELION_YELLOW,1,-,-,-,-,1,8,1,
H,YELLOW_WOOL,-,-,-,-,-,-,-,-,3,-,1,
M,ZOMBIE_HEAD,-,-,-,-,-,-,-,-,-,-,1,